"model_id","family","label","n_predictors","r2","adj_r2","paths","error"
"macro_subset_23","macro_subsets","DEMLAW + FORPOL + IMMIG",3,0.33081737124207,0.287175025888292,"DEMLAW 0.237; FORPOL -0.436; IMMIG 0.423",NA
"macro_subset_39","macro_subsets","DEMLAW + DOMPOL + FORPOL + IMMIG",4,0.340488369607227,0.281865113572314,"DEMLAW 0.241; DOMPOL 0.106; FORPOL -0.418; IMMIG 0.389",NA
"macro_subset_42","macro_subsets","DEMLAW + ECON + FORPOL + IMMIG",4,0.331178014380744,0.271727171214588,"DEMLAW 0.242; ECON -0.021; FORPOL -0.431; IMMIG 0.422",NA
"macro_subset_45","macro_subsets","DEMLAW + FORPOL + IMMIG + SOCISS",4,0.330846900973546,0.271366625504527,"DEMLAW 0.236; FORPOL -0.435; IMMIG 0.424; SOCISS -0.006",NA
"macro_subset_51","macro_subsets","DEMLAW + DOMPOL + ECON + FORPOL + IMMIG",5,0.341048787439545,0.266167967830403,"DEMLAW 0.246; DOMPOL 0.107; ECON -0.026; FORPOL -0.411; IMMIG 0.388",NA
"macro_subset_54","macro_subsets","DEMLAW + DOMPOL + FORPOL + IMMIG + SOCISS",5,0.340761091075,0.26584757869716,"DEMLAW 0.238; DOMPOL 0.108; FORPOL -0.415; IMMIG 0.392; SOCISS -0.017",NA
"macro_subset_13","macro_subsets","FORPOL + IMMIG",2,0.285709662998228,0.255314329508791,"FORPOL -0.332; IMMIG 0.41",NA
"macro_subset_55","macro_subsets","DEMLAW + ECON + FORPOL + IMMIG + SOCISS",5,0.331217085687251,0.25521902724262,"DEMLAW 0.241; ECON -0.021; FORPOL -0.43; IMMIG 0.424; SOCISS -0.007",NA
"macro_subset_57","macro_subsets","DEMLAW + DOMPOL + ECON + FORPOL + IMMIG + SOCISS",6,0.341361344997318,0.249458276857409,"DEMLAW 0.244; DOMPOL 0.11; ECON -0.027; FORPOL -0.408; IMMIG 0.392; SOCISS -0.019",NA
"macro_subset_29","macro_subsets","DOMPOL + FORPOL + IMMIG",3,0.294105509116666,0.248068911885144,"DOMPOL 0.099; FORPOL -0.314; IMMIG 0.378",NA
"macro_subset_35","macro_subsets","FORPOL + IMMIG + SOCISS",3,0.28678917515349,0.240275425706979,"FORPOL -0.329; IMMIG 0.419; SOCISS -0.034",NA
"macro_subset_32","macro_subsets","ECON + FORPOL + IMMIG",3,0.28642008465776,0.239882264091962,"ECON 0.028; FORPOL -0.342; IMMIG 0.411",NA
"macro_subset_49","macro_subsets","DOMPOL + FORPOL + IMMIG + SOCISS",4,0.296011059231766,0.233434264496812,"DOMPOL 0.104; FORPOL -0.308; IMMIG 0.388; SOCISS -0.046",NA
"macro_subset_46","macro_subsets","DOMPOL + ECON + FORPOL + IMMIG",4,0.294636676917205,0.231937714865401,"DOMPOL 0.098; ECON 0.025; FORPOL -0.322; IMMIG 0.379",NA
"macro_subset_50","macro_subsets","ECON + FORPOL + IMMIG + SOCISS",4,0.287386884248952,0.224043496182192,"ECON 0.026; FORPOL -0.338; IMMIG 0.419; SOCISS -0.032",NA
"macro_subset_56","macro_subsets","DOMPOL + ECON + FORPOL + IMMIG + SOCISS",5,0.296405957369254,0.216452088888487,"DOMPOL 0.103; ECON 0.021; FORPOL -0.316; IMMIG 0.389; SOCISS -0.044",NA
"macro_subset_8","macro_subsets","DOMPOL + IMMIG",2,0.199683234008083,0.165627201412682,"DOMPOL 0.164; IMMIG 0.365",NA
"macro_subset_27","macro_subsets","DOMPOL + ECON + IMMIG",3,0.206771523631169,0.155039231694071,"DOMPOL 0.161; ECON -0.084; IMMIG 0.362",NA
"macro_subset_17","macro_subsets","DEMLAW + DOMPOL + FORPOL",3,0.206089457110103,0.154312682573805,"DEMLAW 0.221; DOMPOL 0.236; FORPOL -0.395",NA
"macro_subset_31","macro_subsets","DOMPOL + IMMIG + SOCISS",3,0.205754696566698,0.153956089821048,"DOMPOL 0.172; IMMIG 0.383; SOCISS -0.081",NA
"macro_subset_18","macro_subsets","DEMLAW + DOMPOL + IMMIG",3,0.203623982855282,0.151686416519757,"DEMLAW 0.063; DOMPOL 0.172; IMMIG 0.367",NA
"macro_subset_11","macro_subsets","ECON + IMMIG",2,0.183554746913325,0.148812395718147,"ECON -0.089; IMMIG 0.414",NA
"macro_subset_37","macro_subsets","DEMLAW + DOMPOL + ECON + IMMIG",4,0.215963040355335,0.146270866164698,"DEMLAW 0.102; DOMPOL 0.173; ECON -0.118; IMMIG 0.363",NA
"macro_subset_15","macro_subsets","IMMIG + SOCISS",2,0.179605393289623,0.144694984493437,"IMMIG 0.436; SOCISS -0.065",NA
"macro_subset_48","macro_subsets","DOMPOL + ECON + IMMIG + SOCISS",4,0.213252971952066,0.143319902792249,"DOMPOL 0.169; ECON -0.087; IMMIG 0.38; SOCISS -0.084",NA
"macro_subset_4","macro_subsets","DEMLAW + IMMIG",2,0.177632123136566,0.142637745397697,"DEMLAW 0.045; IMMIG 0.422",NA
"macro_subset_40","macro_subsets","DEMLAW + DOMPOL + FORPOL + SOCISS",4,0.209577466234785,0.139317685455655,"DEMLAW 0.23; DOMPOL 0.224; FORPOL -0.406; SOCISS 0.061",NA
"macro_subset_41","macro_subsets","DEMLAW + DOMPOL + IMMIG + SOCISS",4,0.20909543253343,0.138792804314179,"DEMLAW 0.058; DOMPOL 0.179; IMMIG 0.384; SOCISS -0.077",NA
"macro_subset_36","macro_subsets","DEMLAW + DOMPOL + ECON + FORPOL",4,0.207779117533927,0.137359483536943,"DEMLAW 0.231; DOMPOL 0.237; ECON -0.045; FORPOL -0.384",NA
"macro_subset_21","macro_subsets","DEMLAW + ECON + IMMIG",3,0.189718765671833,0.136874337346083,"DEMLAW 0.083; ECON -0.117; IMMIG 0.418",NA
"macro_subset_34","macro_subsets","ECON + IMMIG + SOCISS",3,0.187906918332507,0.134944326049845,"ECON -0.091; IMMIG 0.432; SOCISS -0.068",NA
"macro_subset_53","macro_subsets","DEMLAW + DOMPOL + ECON + IMMIG + SOCISS",5,0.221588307939411,0.133132433841617,"DEMLAW 0.098; DOMPOL 0.18; ECON -0.119; IMMIG 0.38; SOCISS -0.078",NA
"macro_subset_7","macro_subsets","DOMPOL + FORPOL",2,0.166797589274309,0.131342167541301,"DOMPOL 0.226; FORPOL -0.299",NA
"macro_subset_25","macro_subsets","DEMLAW + IMMIG + SOCISS",3,0.181207129746647,0.127807594730124,"DEMLAW 0.04; IMMIG 0.437; SOCISS -0.062",NA
"macro_subset_44","macro_subsets","DEMLAW + ECON + IMMIG + SOCISS",4,0.19340829995678,0.121711259952939,"DEMLAW 0.079; ECON -0.117; IMMIG 0.434; SOCISS -0.063",NA
"macro_subset_52","macro_subsets","DEMLAW + DOMPOL + ECON + FORPOL + SOCISS",5,0.211006222427924,0.121347838612915,"DEMLAW 0.239; DOMPOL 0.226; ECON -0.041; FORPOL -0.395; SOCISS 0.059",NA
"macro_subset_3","macro_subsets","DEMLAW + FORPOL",2,0.152760886023354,0.116708157769029,"DEMLAW 0.208; FORPOL -0.435",NA
"macro_subset_30","macro_subsets","DOMPOL + FORPOL + SOCISS",3,0.167824607001704,0.113552298762685,"DOMPOL 0.219; FORPOL -0.303; SOCISS 0.033",NA
"macro_subset_26","macro_subsets","DOMPOL + ECON + FORPOL",3,0.166805317696009,0.112466534067488,"DOMPOL 0.226; ECON 0.003; FORPOL -0.3",NA
"macro_subset_24","macro_subsets","DEMLAW + FORPOL + SOCISS",3,0.162875471586324,0.108280393646302,"DEMLAW 0.224; FORPOL -0.45; SOCISS 0.102",NA
"macro_subset_20","macro_subsets","DEMLAW + ECON + FORPOL",3,0.153871314501183,0.0986890089251732,"DEMLAW 0.217; ECON -0.036; FORPOL -0.426",NA
"macro_subset_47","macro_subsets","DOMPOL + ECON + FORPOL + SOCISS",4,0.167854797849487,0.0938863354361079,"DOMPOL 0.219; ECON 0.006; FORPOL -0.305; SOCISS 0.033",NA
"macro_subset_43","macro_subsets","DEMLAW + ECON + FORPOL + SOCISS",4,0.163678983625069,0.0893393377250751,"DEMLAW 0.231; ECON -0.031; FORPOL -0.443; SOCISS 0.1",NA
"macro_subset_14","macro_subsets","FORPOL + SOCISS",2,0.123172680117931,0.0858608792718857,"FORPOL -0.349; SOCISS 0.074",NA
"macro_subset_10","macro_subsets","ECON + FORPOL",2,0.117855882047859,0.0803178344754278,"ECON 0.008; FORPOL -0.346",NA
"macro_subset_33","macro_subsets","ECON + FORPOL + SOCISS",3,0.123353818719003,0.066181241678938,"ECON 0.014; FORPOL -0.354; SOCISS 0.075",NA
"macro_subset_6","macro_subsets","DOMPOL + ECON",2,0.0902070962200001,0.0514925045697873,"DOMPOL 0.279; ECON -0.098",NA
"macro_subset_1","macro_subsets","DEMLAW + DOMPOL",2,0.0835181559908332,0.0445189285861878,"DEMLAW 0.054; DOMPOL 0.291",NA
"macro_subset_9","macro_subsets","DOMPOL + SOCISS",2,0.0806364095288318,0.041514554615165,"DOMPOL 0.284; SOCISS -0.003",NA
"macro_subset_16","macro_subsets","DEMLAW + DOMPOL + ECON",3,0.0985219747368254,0.0397299296109662,"DEMLAW 0.097; DOMPOL 0.291; ECON -0.13",NA
"macro_subset_28","macro_subsets","DOMPOL + ECON + SOCISS",3,0.0902502237572492,0.0309187166109828,"DOMPOL 0.28; ECON -0.098; SOCISS -0.007",NA
"macro_subset_19","macro_subsets","DEMLAW + DOMPOL + SOCISS",3,0.0835189631317225,0.0237484607272695,"DEMLAW 0.054; DOMPOL 0.291; SOCISS 0.001",NA
"macro_subset_38","macro_subsets","DEMLAW + DOMPOL + ECON + SOCISS",4,0.0985231127467177,0.0183918338797593,"DEMLAW 0.097; DOMPOL 0.291; ECON -0.13; SOCISS -0.001",NA
"macro_subset_2","macro_subsets","DEMLAW + ECON",2,0.0155478847459962,-0.0263436946265145,"DEMLAW 0.06; ECON -0.131",NA
"macro_subset_12","macro_subsets","ECON + SOCISS",2,0.0139441236940717,-0.0280157008295849,"ECON -0.109; SOCISS 0.04",NA
"macro_subset_5","macro_subsets","DEMLAW + SOCISS",2,0.00246899039868842,-0.0399791376694525,"DEMLAW 0.021; SOCISS 0.047",NA
"macro_subset_22","macro_subsets","DEMLAW + ECON + SOCISS",3,0.0175582495771329,-0.0465140384939238,"DEMLAW 0.064; ECON -0.13; SOCISS 0.045",NA
