"Original Est.","Bootstrap Mean","Bootstrap SD","T Stat.","2.5% CI","97.5% CI","Bootstrap P Val","model_id","label","path"
-0.372888134252581,-0.373851756010529,0.115320479791935,-3.23349447492205,-0.608462341211106,-0.159874611286844,0.0032,"micro_direct_1876","ISRAEL + BORDER + HEALTHCARE + TAX + FELON + AUTHORITARIAN","ISRAEL  ->  VOTE"
0.316695460380688,0.303656617092672,0.120857279572879,2.62040864646234,0.0640794350380482,0.534059838308697,0.0116,"micro_direct_1876","ISRAEL + BORDER + HEALTHCARE + TAX + FELON + AUTHORITARIAN","BORDER  ->  VOTE"
0.206049477775942,0.21345072865956,0.132763419406931,1.55200490237739,-0.10127126048406,0.448431181108335,0.1424,"micro_direct_1876","ISRAEL + BORDER + HEALTHCARE + TAX + FELON + AUTHORITARIAN","HEALTHCARE  ->  VOTE"
-0.139977536260458,-0.169257800263264,0.149605478571142,-0.935644453648097,-0.452810862793331,0.135788167853553,0.2616,"micro_direct_1876","ISRAEL + BORDER + HEALTHCARE + TAX + FELON + AUTHORITARIAN","TAX  ->  VOTE"
-0.192464316660528,-0.180904017474107,0.161958186184996,-1.18835806447404,-0.492082022185448,0.141797060919824,0.264,"micro_direct_1876","ISRAEL + BORDER + HEALTHCARE + TAX + FELON + AUTHORITARIAN","FELON  ->  VOTE"
0.29765359267233,0.319928868219846,0.164497726083135,1.80946934501635,0.0190129910124889,0.667640201703902,0.0372,"micro_direct_1876","ISRAEL + BORDER + HEALTHCARE + TAX + FELON + AUTHORITARIAN","AUTHORITARIAN  ->  VOTE"
-0.374385042277265,-0.367112591946858,0.107007844897075,-3.4986691175527,-0.584656311119681,-0.160604811348359,0.0024,"micro_direct_1811","ISRAEL + BORDER + FENTANYL + HEALTHCARE + FELON + AUTHORITARIAN","ISRAEL  ->  VOTE"
0.32572291634427,0.314868832359648,0.109619966538521,2.97138310318503,0.0958147382112045,0.523360805958396,0.0048,"micro_direct_1811","ISRAEL + BORDER + FENTANYL + HEALTHCARE + FELON + AUTHORITARIAN","BORDER  ->  VOTE"
-0.129247305306487,-0.132810245343134,0.120682759484697,-1.07096743444017,-0.351961282228842,0.125909659394982,0.2708,"micro_direct_1811","ISRAEL + BORDER + FENTANYL + HEALTHCARE + FELON + AUTHORITARIAN","FENTANYL  ->  VOTE"
0.215547701406296,0.222568207468293,0.138260536068973,1.55899656933753,-0.0926351722599055,0.48890361645919,0.1236,"micro_direct_1811","ISRAEL + BORDER + FENTANYL + HEALTHCARE + FELON + AUTHORITARIAN","HEALTHCARE  ->  VOTE"
-0.225447919357766,-0.22495892018276,0.149604483745911,-1.50695964260448,-0.51489949293928,0.063030223891143,0.128,"micro_direct_1811","ISRAEL + BORDER + FENTANYL + HEALTHCARE + FELON + AUTHORITARIAN","FELON  ->  VOTE"
0.223986427943497,0.229231955115914,0.130184286938183,1.72053350839379,-0.0359778297140793,0.490039185951009,0.0824,"micro_direct_1811","ISRAEL + BORDER + FENTANYL + HEALTHCARE + FELON + AUTHORITARIAN","AUTHORITARIAN  ->  VOTE"
0.361882221540485,0.346522752976168,0.125853514903973,2.87542403417659,0.0881288305776817,0.558981582222458,0.0216,"logical_6","micro_security_conflict","SECURITY  ->  VOTE"
-0.517965657966166,-0.517828534063219,0.121044212254622,-4.27914435823334,-0.687266737239478,-0.333089348929528,0.0152,"logical_6","micro_security_conflict","CONFLICT  ->  VOTE"
-0.359851073009551,-0.362013122645633,0.103707138249091,-3.46987757144775,-0.582230432477908,-0.169691651006467,8e-04,"micro_direct_957","ISRAEL + BORDER + HEALTHCARE + FELON + AUTHORITARIAN","ISRAEL  ->  VOTE"
0.335103969123106,0.325874776473666,0.111691027875844,3.00027652620054,0.102792653945573,0.541350426213604,0.0036,"micro_direct_957","ISRAEL + BORDER + HEALTHCARE + FELON + AUTHORITARIAN","BORDER  ->  VOTE"
0.173397290018193,0.172083974381553,0.127506666252757,1.35990764337346,-0.125632669669165,0.39401604923952,0.1876,"micro_direct_957","ISRAEL + BORDER + HEALTHCARE + FELON + AUTHORITARIAN","HEALTHCARE  ->  VOTE"
-0.215410967432218,-0.212006362938082,0.144468658811086,-1.49105673995284,-0.49820321582874,0.065793495895738,0.132,"micro_direct_957","ISRAEL + BORDER + HEALTHCARE + FELON + AUTHORITARIAN","FELON  ->  VOTE"
0.218539608341325,0.224710866264854,0.132959986524605,1.64364944712809,-0.042044138826446,0.490450925773996,0.0948,"micro_direct_957","ISRAEL + BORDER + HEALTHCARE + FELON + AUTHORITARIAN","AUTHORITARIAN  ->  VOTE"
0.394857940872233,0.423536564238231,0.124347234267027,3.17544610621821,0.200119763195333,0.643793243134024,0.0104,"logical_3","micro_policy_conflict_broad","POLICY  ->  VOTE"
-0.430601302138475,-0.423822351561748,0.11489058802262,-3.74792495668745,-0.635789523896886,-0.193025063948719,0.0024,"logical_3","micro_policy_conflict_broad","CONFLICT  ->  VOTE"
0.390371147152161,0.399426845900147,0.108145985015973,3.60966842268349,0.184981932715088,0.608624730854373,0.0016,"logical_4","micro_policy_conflict_refined","POLICY  ->  VOTE"
-0.434844100540969,-0.426483519559351,0.109746413865177,-3.96226250340327,-0.629093618393266,-0.196467675540132,0,"logical_4","micro_policy_conflict_refined","CONFLICT  ->  VOTE"
-0.374318628500915,-0.384396172557152,0.107154134378305,-3.49327285104459,-0.614332272724468,-0.18708022587938,8e-04,"micro_direct_1885","ISRAEL + BORDER + HEALTHCARE + FELON + PROJECT2025 + AUTHORITARIAN","ISRAEL  ->  VOTE"
0.330003865301035,0.319261185633311,0.114724698661658,2.87648491694252,0.0902728189833359,0.541761593076456,0.0052,"micro_direct_1885","ISRAEL + BORDER + HEALTHCARE + FELON + PROJECT2025 + AUTHORITARIAN","BORDER  ->  VOTE"
0.182813691575142,0.186140732708172,0.132029397698314,1.38464383510155,-0.126438204812291,0.420579387647991,0.172,"micro_direct_1885","ISRAEL + BORDER + HEALTHCARE + FELON + PROJECT2025 + AUTHORITARIAN","HEALTHCARE  ->  VOTE"
-0.219159167826953,-0.209347293668324,0.14789887384708,-1.48181769155019,-0.506074503536186,0.0782284229629531,0.1468,"micro_direct_1885","ISRAEL + BORDER + HEALTHCARE + FELON + PROJECT2025 + AUTHORITARIAN","FELON  ->  VOTE"
0.0871600095394926,0.0912177525197607,0.13267357268848,0.656950798665427,-0.165389378026665,0.352635897969262,0.4828,"micro_direct_1885","ISRAEL + BORDER + HEALTHCARE + FELON + PROJECT2025 + AUTHORITARIAN","PROJECT2025  ->  VOTE"
0.224587560430295,0.23833332901817,0.132792869730549,1.69126219567366,-0.0295255234854935,0.506453137849373,0.0804,"micro_direct_1885","ISRAEL + BORDER + HEALTHCARE + FELON + PROJECT2025 + AUTHORITARIAN","AUTHORITARIAN  ->  VOTE"
-0.355777445966732,-0.365648401099947,0.110399463315973,-3.22263745928244,-0.599693935990113,-0.164933148006535,0.0032,"micro_direct_1846","ISRAEL + BORDER + INFLATION + HEALTHCARE + FELON + AUTHORITARIAN","ISRAEL  ->  VOTE"
0.33424437818865,0.32019844035754,0.118631003376011,2.81751286490627,0.0851215286740545,0.54927370771038,0.006,"micro_direct_1846","ISRAEL + BORDER + INFLATION + HEALTHCARE + FELON + AUTHORITARIAN","BORDER  ->  VOTE"
-0.0847526655929232,-0.119467503405192,0.176251588192359,-0.480861854705248,-0.45752113940315,0.231129244052069,0.5084,"micro_direct_1846","ISRAEL + BORDER + INFLATION + HEALTHCARE + FELON + AUTHORITARIAN","INFLATION  ->  VOTE"
0.187713424167541,0.181685888900235,0.176213840189195,1.06525925526621,-0.207120767026342,0.493729540246503,0.3016,"micro_direct_1846","ISRAEL + BORDER + INFLATION + HEALTHCARE + FELON + AUTHORITARIAN","HEALTHCARE  ->  VOTE"
-0.212062326001154,-0.209008937207541,0.145305658235114,-1.45942235544622,-0.497156567615449,0.0689789886699386,0.1356,"micro_direct_1846","ISRAEL + BORDER + INFLATION + HEALTHCARE + FELON + AUTHORITARIAN","FELON  ->  VOTE"
0.22738281092303,0.233946666794181,0.144416568015946,1.5744925533608,-0.0487123344109728,0.522973352578603,0.1076,"micro_direct_1846","ISRAEL + BORDER + INFLATION + HEALTHCARE + FELON + AUTHORITARIAN","AUTHORITARIAN  ->  VOTE"
-0.434028995205695,-0.422580750896602,0.116330829843144,-3.73098855901675,-0.655214148274652,-0.188679265201171,0.0024,"micro_direct_1807","ISRAEL + BORDER + FENTANYL + HEALTHCARE + TAX + AUTHORITARIAN","ISRAEL  ->  VOTE"
0.302624357755865,0.290751784243705,0.123605516649912,2.44830785840239,0.0373594415876904,0.515819944034932,0.024,"micro_direct_1807","ISRAEL + BORDER + FENTANYL + HEALTHCARE + TAX + AUTHORITARIAN","BORDER  ->  VOTE"
-0.135152651791867,-0.139677812624539,0.121867705699614,-1.10901121027911,-0.362726540233357,0.111688060928537,0.2484,"micro_direct_1807","ISRAEL + BORDER + FENTANYL + HEALTHCARE + TAX + AUTHORITARIAN","FENTANYL  ->  VOTE"
0.305848110797761,0.312598451901428,0.142295898209941,2.14938107595004,-0.0328807579555668,0.556366497221267,0.0704,"micro_direct_1807","ISRAEL + BORDER + FENTANYL + HEALTHCARE + TAX + AUTHORITARIAN","HEALTHCARE  ->  VOTE"
-0.183136234236406,-0.198391707438369,0.156717657248393,-1.16857434862072,-0.496327654512882,0.125286375463569,0.204,"micro_direct_1807","ISRAEL + BORDER + FENTANYL + HEALTHCARE + TAX + AUTHORITARIAN","TAX  ->  VOTE"
0.438711876645597,0.449008509663292,0.111601140486571,3.93106983255595,0.237172663425007,0.694757205593872,0,"micro_direct_1807","ISRAEL + BORDER + FENTANYL + HEALTHCARE + TAX + AUTHORITARIAN","AUTHORITARIAN  ->  VOTE"
-0.36020580054391,-0.365389318470635,0.107555737421791,-3.34901520995876,-0.592128291213177,-0.165201407500233,0.0012,"micro_direct_1888","ISRAEL + BORDER + HEALTHCARE + FELON + AUTHORITARIAN + GENDER","ISRAEL  ->  VOTE"
0.329856269731227,0.311241596154744,0.119093300102372,2.76972986261765,0.0744350050652563,0.537321252420801,0.0092,"micro_direct_1888","ISRAEL + BORDER + HEALTHCARE + FELON + AUTHORITARIAN + GENDER","BORDER  ->  VOTE"
0.196110400600926,0.202971069541475,0.136116205919103,1.44075717712466,-0.107514135737723,0.450083501154241,0.1564,"micro_direct_1888","ISRAEL + BORDER + HEALTHCARE + FELON + AUTHORITARIAN + GENDER","HEALTHCARE  ->  VOTE"
-0.214142120852533,-0.212364946312865,0.147358672168771,-1.45320338260971,-0.507464199735562,0.0709069406677042,0.1412,"micro_direct_1888","ISRAEL + BORDER + HEALTHCARE + FELON + AUTHORITARIAN + GENDER","FELON  ->  VOTE"
0.236498099971586,0.248800034162977,0.140591641089514,1.68216330742599,-0.026289915060492,0.535494681841287,0.074,"micro_direct_1888","ISRAEL + BORDER + HEALTHCARE + FELON + AUTHORITARIAN + GENDER","AUTHORITARIAN  ->  VOTE"
-0.0619479718360439,-0.0807423561981586,0.107215615595216,-0.577788706357134,-0.307213158711669,0.116697407707431,0.458,"micro_direct_1888","ISRAEL + BORDER + HEALTHCARE + FELON + AUTHORITARIAN + GENDER","GENDER  ->  VOTE"
-0.415656481903377,-0.412831425666164,0.112647323531549,-3.68989221290256,-0.647717658154683,-0.193334335876705,0.0032,"micro_direct_953","ISRAEL + BORDER + HEALTHCARE + TAX + AUTHORITARIAN","ISRAEL  ->  VOTE"
0.314479970339689,0.304081771240863,0.125523838243173,2.50534061689906,0.0476193476645498,0.537539419688735,0.0196,"micro_direct_953","ISRAEL + BORDER + HEALTHCARE + TAX + AUTHORITARIAN","BORDER  ->  VOTE"
0.256206717666012,0.253663529146184,0.13731227909027,1.86586894750746,-0.0791632429395991,0.478425887765049,0.1204,"micro_direct_953","ISRAEL + BORDER + HEALTHCARE + TAX + AUTHORITARIAN","HEALTHCARE  ->  VOTE"
-0.167146676780481,-0.18255091869568,0.148142165598915,-1.12828563093252,-0.459986845794907,0.123600671225268,0.2184,"micro_direct_953","ISRAEL + BORDER + HEALTHCARE + TAX + AUTHORITARIAN","TAX  ->  VOTE"
0.419518179647317,0.427978435691234,0.11533354571695,3.63743416574476,0.205520872133456,0.672941625763254,0,"micro_direct_953","ISRAEL + BORDER + HEALTHCARE + TAX + AUTHORITARIAN","AUTHORITARIAN  ->  VOTE"
-0.358414799546376,-0.364117313717812,0.107143724496875,-3.34517771553507,-0.593053372923317,-0.169111003890917,0.0012,"micro_direct_1889","ISRAEL + BORDER + HEALTHCARE + FELON + AUTHORITARIAN + RACE","ISRAEL  ->  VOTE"
0.347111550001592,0.340822761693572,0.123283402463478,2.81555783719079,0.107641759185639,0.591726649236969,0.0036,"micro_direct_1889","ISRAEL + BORDER + HEALTHCARE + FELON + AUTHORITARIAN + RACE","BORDER  ->  VOTE"
0.158629083630941,0.152462384121574,0.134608580137171,1.17844704601513,-0.149820156595683,0.403312833064769,0.2432,"micro_direct_1889","ISRAEL + BORDER + HEALTHCARE + FELON + AUTHORITARIAN + RACE","HEALTHCARE  ->  VOTE"
-0.226478053284944,-0.217101130675857,0.149378967038696,-1.5161308032494,-0.51828393795608,0.0665571870404364,0.1392,"micro_direct_1889","ISRAEL + BORDER + HEALTHCARE + FELON + AUTHORITARIAN + RACE","FELON  ->  VOTE"
0.200670272422496,0.208903940060453,0.144767304191831,1.3861574168473,-0.0692652639899937,0.500944425815749,0.1384,"micro_direct_1889","ISRAEL + BORDER + HEALTHCARE + FELON + AUTHORITARIAN + RACE","AUTHORITARIAN  ->  VOTE"
-0.050951610987946,-0.0571773229912212,0.112426835487397,-0.453197946620652,-0.274649353578396,0.165694006524502,0.6028,"micro_direct_1889","ISRAEL + BORDER + HEALTHCARE + FELON + AUTHORITARIAN + RACE","RACE  ->  VOTE"
-0.361273045448599,-0.381030316369147,0.114236593653281,-3.16249840699118,-0.619472020180532,-0.171481842226129,8e-04,"micro_direct_1629","ISRAEL + CHINA + BORDER + HEALTHCARE + FELON + AUTHORITARIAN","ISRAEL  ->  VOTE"
0.0393585329006405,0.0546160417934912,0.152735494018906,0.257690808239823,-0.21791366710038,0.382465654322001,0.7704,"micro_direct_1629","ISRAEL + CHINA + BORDER + HEALTHCARE + FELON + AUTHORITARIAN","CHINA  ->  VOTE"
0.322139841028562,0.305779213126734,0.111701941876427,2.88392337337282,0.0919956288013872,0.534805139321157,0.0056,"micro_direct_1629","ISRAEL + CHINA + BORDER + HEALTHCARE + FELON + AUTHORITARIAN","BORDER  ->  VOTE"
0.160709975141159,0.157261504714391,0.141731201284328,1.133906815753,-0.148445028556422,0.415493994084351,0.2684,"micro_direct_1629","ISRAEL + CHINA + BORDER + HEALTHCARE + FELON + AUTHORITARIAN","HEALTHCARE  ->  VOTE"
-0.223072936118609,-0.231622673756716,0.148010916879049,-1.5071383977771,-0.52715493317575,0.046924155223758,0.1028,"micro_direct_1629","ISRAEL + CHINA + BORDER + HEALTHCARE + FELON + AUTHORITARIAN","FELON  ->  VOTE"
0.207895956386955,0.216115341468355,0.134306024126638,1.54792726341841,-0.054921965891015,0.490468227470396,0.1056,"micro_direct_1629","ISRAEL + CHINA + BORDER + HEALTHCARE + FELON + AUTHORITARIAN","AUTHORITARIAN  ->  VOTE"
-0.395652841865641,-0.400642194462768,0.0980871615897174,-4.03368631993443,-0.602191667914299,-0.216556361616616,0,"micro_direct_359","ISRAEL + BORDER + FELON + AUTHORITARIAN","ISRAEL  ->  VOTE"
0.375798120681699,0.371876597573874,0.103081427141842,3.64564336274268,0.166350617390618,0.572020392064509,0,"micro_direct_359","ISRAEL + BORDER + FELON + AUTHORITARIAN","BORDER  ->  VOTE"
-0.263598163385646,-0.260809304159501,0.143700454854213,-1.83435858747331,-0.54059808734711,0.0225392228746814,0.072,"micro_direct_359","ISRAEL + BORDER + FELON + AUTHORITARIAN","FELON  ->  VOTE"
0.186029635535226,0.19350726058718,0.130572485962597,1.42472308897078,-0.0697409886182127,0.449803344485839,0.1388,"micro_direct_359","ISRAEL + BORDER + FELON + AUTHORITARIAN","AUTHORITARIAN  ->  VOTE"
-0.364117559772571,-0.374523584211531,0.0947561173805971,-3.84268129423304,-0.556898736040635,-0.18613048499414,0,"micro_direct_1595","ISRAEL + CHINA + BORDER + FENTANYL + FELON + RACE","ISRAEL  ->  VOTE"
0.152610874434887,0.170960318406596,0.131057062910364,1.1644612739358,-0.0873117739650439,0.422499414465525,0.1864,"micro_direct_1595","ISRAEL + CHINA + BORDER + FENTANYL + FELON + RACE","CHINA  ->  VOTE"
0.336753429792614,0.33566923985302,0.116109170137768,2.90031725653575,0.122930232279138,0.58616507880762,0.002,"micro_direct_1595","ISRAEL + CHINA + BORDER + FENTANYL + FELON + RACE","BORDER  ->  VOTE"
-0.145173697391972,-0.130571033494362,0.139368404786496,-1.04165429470452,-0.39663526653993,0.147105961430093,0.3432,"micro_direct_1595","ISRAEL + CHINA + BORDER + FENTANYL + FELON + RACE","FENTANYL  ->  VOTE"
-0.378880700009809,-0.377360569553336,0.127234601104171,-2.97781182730008,-0.618006894631515,-0.117854117850375,0.0052,"micro_direct_1595","ISRAEL + CHINA + BORDER + FENTANYL + FELON + RACE","FELON  ->  VOTE"
-0.152047181056461,-0.165008224386272,0.103013952846732,-1.47598628005939,-0.364463298398154,0.0353224278337332,0.1044,"micro_direct_1595","ISRAEL + CHINA + BORDER + FENTANYL + FELON + RACE","RACE  ->  VOTE"
-0.312451540600305,-0.303743590522473,0.100021206782465,-3.12385293730612,-0.500954517317709,-0.102611916362234,0.006,"micro_direct_1813","ISRAEL + BORDER + FENTANYL + HEALTHCARE + FELON + RACE","ISRAEL  ->  VOTE"
0.354463476783091,0.355729575146929,0.129552956372242,2.73605085293938,0.107654970175348,0.615060017065838,0.0048,"micro_direct_1813","ISRAEL + BORDER + FENTANYL + HEALTHCARE + FELON + RACE","BORDER  ->  VOTE"
-0.14500367821979,-0.155736567966521,0.120581962386545,-1.20253208149787,-0.384240360453107,0.0904906567622529,0.2032,"micro_direct_1813","ISRAEL + BORDER + FENTANYL + HEALTHCARE + FELON + RACE","FENTANYL  ->  VOTE"
0.157987611707927,0.164756497150704,0.132797223614184,1.18969062310315,-0.127668374505337,0.436362621994101,0.1816,"micro_direct_1813","ISRAEL + BORDER + FENTANYL + HEALTHCARE + FELON + RACE","HEALTHCARE  ->  VOTE"
-0.350709383027299,-0.340636388170179,0.125140811655627,-2.8025180465699,-0.572461926259681,-0.0828838516814127,0.012,"micro_direct_1813","ISRAEL + BORDER + FENTANYL + HEALTHCARE + FELON + RACE","FELON  ->  VOTE"
-0.123148855978164,-0.13458843139442,0.103553791305604,-1.18922595131966,-0.343088546312324,0.0603818104110193,0.186,"micro_direct_1813","ISRAEL + BORDER + FENTANYL + HEALTHCARE + FELON + RACE","RACE  ->  VOTE"
-0.410864071414449,-0.412630458498058,0.120141236417479,-3.41984220960351,-0.662432475070642,-0.182326035805079,0.0032,"micro_direct_1842","ISRAEL + BORDER + INFLATION + HEALTHCARE + TAX + AUTHORITARIAN","ISRAEL  ->  VOTE"
0.314896151218536,0.305347133619739,0.132736464778869,2.37234095199939,0.0352200756387996,0.552653437160848,0.026,"micro_direct_1842","ISRAEL + BORDER + INFLATION + HEALTHCARE + TAX + AUTHORITARIAN","BORDER  ->  VOTE"
-0.0754766399407893,-0.117563083922875,0.176040178815136,-0.428746667089275,-0.471140975078505,0.218478558541043,0.5136,"micro_direct_1842","ISRAEL + BORDER + INFLATION + HEALTHCARE + TAX + AUTHORITARIAN","INFLATION  ->  VOTE"
0.266492194722942,0.257924232865623,0.190610858657373,1.39809555761966,-0.183237628116409,0.576853420151667,0.2312,"micro_direct_1842","ISRAEL + BORDER + INFLATION + HEALTHCARE + TAX + AUTHORITARIAN","HEALTHCARE  ->  VOTE"
-0.158079027146748,-0.157299659670409,0.165440461393694,-0.955504027340519,-0.455410989447341,0.197057900362344,0.3232,"micro_direct_1842","ISRAEL + BORDER + INFLATION + HEALTHCARE + TAX + AUTHORITARIAN","TAX  ->  VOTE"
0.421421255071522,0.421457978555828,0.126272640027841,3.33739165490326,0.169392795654669,0.682996143964221,0.0012,"micro_direct_1842","ISRAEL + BORDER + INFLATION + HEALTHCARE + TAX + AUTHORITARIAN","AUTHORITARIAN  ->  VOTE"
-0.387679958366024,-0.393356316566102,0.101098685197031,-3.83466864688175,-0.60675769958589,-0.208494822069955,0,"micro_direct_980","ISRAEL + BORDER + FELON + AUTHORITARIAN + RACE","ISRAEL  ->  VOTE"
0.390980755986158,0.388671755105767,0.114856656570005,3.40407572066017,0.167444571121308,0.627319032605307,0,"micro_direct_980","ISRAEL + BORDER + FELON + AUTHORITARIAN + RACE","BORDER  ->  VOTE"
-0.275974736062269,-0.266379529331041,0.14810744990391,-1.86334135279028,-0.559086415798963,0.0208319485831407,0.0708,"micro_direct_980","ISRAEL + BORDER + FELON + AUTHORITARIAN + RACE","FELON  ->  VOTE"
0.159188873927231,0.167359237774163,0.138195394978002,1.1519115666088,-0.0961503682372812,0.444859840955138,0.218,"micro_direct_980","ISRAEL + BORDER + FELON + AUTHORITARIAN + RACE","AUTHORITARIAN  ->  VOTE"
-0.0905654008033819,-0.0993626290973943,0.107405751816445,-0.843208108241325,-0.305471170951946,0.120152704024768,0.354,"micro_direct_980","ISRAEL + BORDER + FELON + AUTHORITARIAN + RACE","RACE  ->  VOTE"
-0.402860966533962,-0.408779014323677,0.10970831536993,-3.67210967715199,-0.647563014116626,-0.211385007997996,0,"micro_direct_1899","ISRAEL + BORDER + TAX + FELON + AUTHORITARIAN + RACE","ISRAEL  ->  VOTE"
0.386498034307991,0.385819578673093,0.127863616944536,3.02273659656947,0.143575006632681,0.643641348922146,0.0012,"micro_direct_1899","ISRAEL + BORDER + TAX + FELON + AUTHORITARIAN + RACE","BORDER  ->  VOTE"
-0.127014892708883,-0.166997405322937,0.161561644389737,-0.786169843644843,-0.481476506752037,0.157619827914419,0.2976,"micro_direct_1899","ISRAEL + BORDER + TAX + FELON + AUTHORITARIAN + RACE","TAX  ->  VOTE"
-0.267680896350813,-0.246971069109988,0.165332090045121,-1.6190498546154,-0.563918233893928,0.0829587916208069,0.1384,"micro_direct_1899","ISRAEL + BORDER + TAX + FELON + AUTHORITARIAN + RACE","FELON  ->  VOTE"
0.216109051212974,0.242857255965397,0.165987009291361,1.30196364242959,-0.057319744125408,0.598686639292647,0.118,"micro_direct_1899","ISRAEL + BORDER + TAX + FELON + AUTHORITARIAN + RACE","AUTHORITARIAN  ->  VOTE"
-0.12198725519011,-0.143474565023952,0.129821755567874,-0.939651868490814,-0.399659966268812,0.104812574737134,0.276,"micro_direct_1899","ISRAEL + BORDER + TAX + FELON + AUTHORITARIAN + RACE","RACE  ->  VOTE"
-0.408679411604801,-0.414244621535918,0.10876920317583,-3.75730813201006,-0.64187954730636,-0.213449804196879,0,"micro_direct_967","ISRAEL + BORDER + TAX + FELON + AUTHORITARIAN","ISRAEL  ->  VOTE"
0.368721042446251,0.362952348757913,0.111143798232281,3.31751342234731,0.140834486388583,0.571671814639117,4e-04,"micro_direct_967","ISRAEL + BORDER + TAX + FELON + AUTHORITARIAN","BORDER  ->  VOTE"
-0.092190805153071,-0.11879872724817,0.144929477153786,-0.636108036567651,-0.407372651169772,0.168898866780989,0.4048,"micro_direct_967","ISRAEL + BORDER + TAX + FELON + AUTHORITARIAN","TAX  ->  VOTE"
-0.2544615163908,-0.245653415888238,0.15771156631485,-1.61346134805866,-0.544896853538706,0.0706289574493307,0.1244,"micro_direct_967","ISRAEL + BORDER + TAX + FELON + AUTHORITARIAN","FELON  ->  VOTE"
0.234103053195365,0.256461650078234,0.163067099914381,1.43562406713728,-0.0452455240372959,0.608099408426498,0.094,"micro_direct_967","ISRAEL + BORDER + TAX + FELON + AUTHORITARIAN","AUTHORITARIAN  ->  VOTE"
-0.427372974108518,-0.435515274403594,0.116482986418781,-3.66897336038434,-0.677712192398882,-0.216394241789193,0.0028,"micro_direct_1879","ISRAEL + BORDER + HEALTHCARE + TAX + PROJECT2025 + AUTHORITARIAN","ISRAEL  ->  VOTE"
0.311290879661649,0.294403878276791,0.126328510493886,2.46413797205909,0.0351244557146663,0.530583204015485,0.0256,"micro_direct_1879","ISRAEL + BORDER + HEALTHCARE + TAX + PROJECT2025 + AUTHORITARIAN","BORDER  ->  VOTE"
0.26313495988731,0.265420963655141,0.141443521779538,1.86035356428305,-0.0718164313692569,0.501384795284975,0.1104,"micro_direct_1879","ISRAEL + BORDER + HEALTHCARE + TAX + PROJECT2025 + AUTHORITARIAN","HEALTHCARE  ->  VOTE"
-0.160943745460473,-0.187682661871689,0.152544357930694,-1.05506193505757,-0.471439715915603,0.12501479800088,0.2208,"micro_direct_1879","ISRAEL + BORDER + HEALTHCARE + TAX + PROJECT2025 + AUTHORITARIAN","TAX  ->  VOTE"
0.068933408233061,0.0726170796159303,0.151544285492633,0.454873029418269,-0.219828567350527,0.365644016237539,0.6332,"micro_direct_1879","ISRAEL + BORDER + HEALTHCARE + TAX + PROJECT2025 + AUTHORITARIAN","PROJECT2025  ->  VOTE"
0.423050959648536,0.441929617087701,0.117918310263239,3.58766131149713,0.221350725867418,0.691687291286915,4e-04,"micro_direct_1879","ISRAEL + BORDER + HEALTHCARE + TAX + PROJECT2025 + AUTHORITARIAN","AUTHORITARIAN  ->  VOTE"
-0.299354182102804,-0.28916692034509,0.0982738591576668,-3.04612218008587,-0.476246158058599,-0.0850120255427448,0.0096,"micro_direct_910","ISRAEL + BORDER + FENTANYL + HEALTHCARE + FELON","ISRAEL  ->  VOTE"
0.327287750073042,0.322877384056475,0.115531277336883,2.8328930279087,0.0953231654949681,0.54135658842174,0.0068,"micro_direct_910","ISRAEL + BORDER + FENTANYL + HEALTHCARE + FELON","BORDER  ->  VOTE"
-0.122330700899975,-0.128921158887021,0.120766956823154,-1.01294844316654,-0.357114192488856,0.117218050773426,0.286,"micro_direct_910","ISRAEL + BORDER + FENTANYL + HEALTHCARE + FELON","FENTANYL  ->  VOTE"
0.180002742981291,0.192635469967553,0.132920126606324,1.35421736028295,-0.100340896479575,0.459915181422254,0.14,"micro_direct_910","ISRAEL + BORDER + FENTANYL + HEALTHCARE + FELON","HEALTHCARE  ->  VOTE"
-0.344843414551523,-0.33743872055507,0.117959331747324,-2.92340936018694,-0.555855490935801,-0.0908368907435967,0.008,"micro_direct_910","ISRAEL + BORDER + FENTANYL + HEALTHCARE + FELON","FELON  ->  VOTE"
-0.392931603060455,-0.417178988026825,0.107876937089885,-3.64240600132221,-0.643645255441301,-0.216643043194241,0,"micro_direct_809","ISRAEL + CHINA + BORDER + FELON + AUTHORITARIAN","ISRAEL  ->  VOTE"
0.0894315015243873,0.107569632821709,0.136426402855286,0.655529279176637,-0.134266969472179,0.399306434510877,0.4408,"micro_direct_809","ISRAEL + CHINA + BORDER + FELON + AUTHORITARIAN","CHINA  ->  VOTE"
0.339575011814229,0.327024841624687,0.107665529734898,3.1539807833608,0.122735512788799,0.548881632478647,0.0012,"micro_direct_809","ISRAEL + CHINA + BORDER + FELON + AUTHORITARIAN","BORDER  ->  VOTE"
-0.272996449767416,-0.276316853916705,0.143509495087852,-1.90228841374082,-0.559239999725519,0.00530491010447341,0.054,"micro_direct_809","ISRAEL + CHINA + BORDER + FELON + AUTHORITARIAN","FELON  ->  VOTE"
0.167249846761594,0.181305755378421,0.127170531143416,1.31516197390871,-0.0723745394947872,0.43794052861642,0.146,"micro_direct_809","ISRAEL + CHINA + BORDER + FELON + AUTHORITARIAN","AUTHORITARIAN  ->  VOTE"
-0.287309248024531,-0.286452199160322,0.094442268327926,-3.04216801556402,-0.469685609350365,-0.0981536432463523,0.004,"micro_direct_348","ISRAEL + BORDER + HEALTHCARE + FELON","ISRAEL  ->  VOTE"
0.336142286693172,0.334017852262541,0.117273315329347,2.86631520349843,0.103324419188371,0.557927192607728,0.0048,"micro_direct_348","ISRAEL + BORDER + HEALTHCARE + FELON","BORDER  ->  VOTE"
0.140875184076558,0.144073866115576,0.1209722248243,1.16452503275991,-0.136943241665597,0.366894464576113,0.2132,"micro_direct_348","ISRAEL + BORDER + HEALTHCARE + FELON","HEALTHCARE  ->  VOTE"
-0.332579584642498,-0.32274496614048,0.113624177041431,-2.92701424381916,-0.53034404845809,-0.0859425885858581,0.0076,"micro_direct_348","ISRAEL + BORDER + HEALTHCARE + FELON","FELON  ->  VOTE"
-0.405953217450554,-0.407935430308154,0.104434557026858,-3.88715410882771,-0.619640808832285,-0.20709720391697,8e-04,"micro_direct_350","ISRAEL + BORDER + HEALTHCARE + AUTHORITARIAN","ISRAEL  ->  VOTE"
0.33665935130811,0.329200903741459,0.117760790476581,2.85884079026339,0.085108262881136,0.547418088435327,0.0064,"micro_direct_350","ISRAEL + BORDER + HEALTHCARE + AUTHORITARIAN","BORDER  ->  VOTE"
0.22360309015854,0.215564253715394,0.13541820818765,1.65120402308596,-0.107471106913475,0.431107966669434,0.1544,"micro_direct_350","ISRAEL + BORDER + HEALTHCARE + AUTHORITARIAN","HEALTHCARE  ->  VOTE"
0.340570978724072,0.344220942103533,0.100636055890078,3.38418448250863,0.15234610729386,0.55115214114724,4e-04,"micro_direct_350","ISRAEL + BORDER + HEALTHCARE + AUTHORITARIAN","AUTHORITARIAN  ->  VOTE"
