State,republican_pct,israel_palestine_salience,china_geopolitics_salience,border_security_salience,fentanyl_drugs_salience,inflation_economy_salience,crypto_markets_salience,tax_policy_salience,student_loans_salience,labor_unions_salience,race_discourse_salience,gender_abortion_salience,climate_environment_salience,felon_conviction_salience,project_2025_salience,authoritarian_rhetoric_salience,covid_vaccine_salience,healthcare_medicare_salience
Alabama,0.8210285132382892,0.6191163040491258,0.3746277401437282,0.6481633443364976,0.0,0.5063418796552706,0.2058657888153854,0.41941102357219356,0.30744932927642515,0.24872627458950747,0.6257635692303931,0.2168497786913208,0.3037728865658982,0.5211502434078761,0.6704220549023606,0.5073055189073821,0.10411647975051269,0.1556659330432059
Alaska,0.5656822810590632,0.9244955610195557,0.2545863851172232,0.46345748540770165,0.3211003814956004,0.3137478782735116,0.9984074317232852,0.5292908474298094,0.597981466250506,0.20627753307061622,0.4451462913521171,0.3730649052284552,0.6937829212903168,0.3502967740943083,1.0,0.37263116853014006,0.06938191197763724,0.03299716150682667
Arizona,0.5066191446028514,0.3012655727525276,0.3725726600082405,0.9109397807199523,0.3193472002823049,0.39626536900777387,0.24334772182777586,0.39282529423162055,0.2800902622484712,0.14982197930530214,0.6435718693175545,0.29957239333716285,0.1986217730439078,0.5408457002543574,0.5770725546469362,0.26650059488974226,0.1367281243222998,0.1517156694969252
Arkansas,0.8116089613034625,0.23791563602648588,0.1742566066884698,0.6708734136552731,0.4119137604380194,0.7712765030674147,0.2725615049611171,0.5323952403913846,0.43742895566542317,0.16424034758019262,0.39073057315098,0.27624410816182354,0.3068289960293531,0.4892776585486573,0.4682507808733357,0.23427015685374003,0.1536929115655838,0.21544678982406706
California,0.15300407331975557,0.6877163684014846,0.3867999182409975,0.4822496778082506,0.21788197951201385,0.45819752896834054,0.8086022757844249,0.2741335242273845,0.09116256879588405,0.34843092489835864,0.7024636851956563,0.38365496345194744,0.2815805841637751,0.39905504569275224,0.651893584851554,0.2911384749433324,0.155637459605656,0.07109988127965566
Colorado,0.27545824847250516,0.4871820864157125,0.32039235623944023,0.6259137088627215,0.46062335318013065,0.5606628464111079,0.4962288617592619,0.6054998374157861,0.40020662992275946,0.1915120183736441,0.26983787014853633,0.6485064273311097,0.4198173299050999,0.6259069150039872,0.43089912810710057,0.40692808520933826,0.18111075756856243,0.08372908697603831
Connecticut,0.24363543788187378,0.3449430483326227,0.31877185456811397,0.4912335367463029,0.06567518779591555,0.8774505610428275,0.24435920802452224,0.5545654188325836,0.2564990502017722,0.24251976651079366,0.6798198502190975,0.1474036380153599,0.31100627020350546,0.5546979607141986,0.5548458485720568,0.25258949143295323,0.09235336623639906,0.03459596762540412
Delaware,0.24108961303462323,0.11788365718220654,0.27972407663120896,0.23793596996763458,0.24452728376901695,0.7007962155120551,0.10882490587721097,0.4016812015251365,0.0538128263684737,0.2932479089482992,0.6061683897907082,0.47254653933770185,0.0,0.7490721129162284,0.42382932979287813,0.0,0.0267535661654497,0.08959539553212631
Florida,0.6051425661914462,0.4618074718270215,0.37606072679532293,0.7850724717588622,0.3121327191979437,0.4473707690922785,0.5085218785876079,0.23259701191550566,0.10898456762693977,0.0709913371324422,0.629554497632374,0.10606923795835425,0.1703159024698083,0.4509540337328842,0.6292165138963371,0.23959371405829658,0.1803759622285745,0.17124098289740788
Georgia,0.46843177189409374,0.26821519800328875,0.23075816759606543,0.46477128742624085,0.11280168260453317,0.6129423124287703,0.3525766008068232,0.5522811136248865,0.24252851729574695,0.17394945337583118,0.8799565365348834,0.4281796686727521,0.10144684940218422,0.43149608943142215,0.6533282935003573,0.2410120290087607,0.136727577343964,0.1436909081178662
Hawaii,0.1313645621181262,0.539021709034802,0.5212390266621946,0.943946646311063,0.14292989958315916,0.6562890205685091,0.8729499545274991,0.0,0.044883635934235694,0.37701231264679447,0.30274247632635015,0.45005972056992133,0.5045828280302426,1.0,0.7668833764607966,0.17573266559080922,0.17901239051092693,0.16199000307159797
Idaho,0.8795824847250512,0.41957031477665857,0.35876099562182795,0.8555987984985944,0.1954382634241991,0.5648481388812905,0.7168464160161561,0.3386053204285325,0.23146084597299144,0.24354018304194178,0.5407742751532526,0.3119490146790516,0.237409553508067,0.2720259767082853,0.6325883910756478,0.5197640384776703,0.15170714992342887,0.061194710418941534
Illinois,0.2838594704684318,0.4004647589675857,0.26321954775190937,0.4342686584289641,0.23126849661978993,0.6528805197035644,0.3250989535037609,0.4245929248313143,0.2846559221460783,0.5100582670002941,0.6278034550936478,0.30459922697870284,0.12391423988162824,0.2767271249769373,0.43070805117978733,0.224399538367027,0.13920322547285024,0.06311203899388453
Indiana,0.6685336048879837,0.23489972501826792,0.4360312375184145,0.36399926436413405,0.15552730506031245,0.45495237690473617,0.24451977912967932,0.6242212472514379,0.3492422826716346,0.2851676681215997,0.49010368953109895,0.5448594569380006,0.13493283734660894,0.3210397592617903,0.42909845807707636,0.3306095393437349,0.11194006973635967,0.18197501579704517
Iowa,0.5959775967413442,0.13963688450463196,0.32731597937013046,0.3579406857484601,0.3491359970634144,0.3288306063610747,0.1723042879853831,0.7553999028421938,0.7182073834522754,0.41482547289437216,0.287602043383761,0.8148773145404292,0.5849798483084919,0.5681803090201549,0.7430824449791901,0.25816366276806607,0.181183466679618,0.10427190332243108
Kansas,0.6323828920570265,0.21906130162150678,0.5228486292792763,0.6891504155820806,0.04289070945769202,0.4048744679017876,0.19564120982109673,0.6275946384083743,0.38412798600203585,0.5018604343671572,0.40612849968391473,0.7115385927250755,0.1289699100010922,0.7894715360856822,0.5848220586137037,0.33069613748594534,0.12440679177827264,0.16246663692811317
Kentucky,0.8184826883910388,0.3970037209520026,0.3213807777342663,0.49811824796024007,0.22207335013327834,0.3356553189904477,0.29221892842315556,0.37273374096339595,0.4129611442834944,0.2773872509071844,0.5011826927768096,0.3923383291211455,0.2950303474564671,0.37849036356399585,0.3946921482088706,0.2559413354245986,0.12002133276538973,0.16543038838462218
Louisiana,0.7102851323828921,0.37370548294597855,0.42529225074100174,0.7895449488944797,0.28507263159599733,0.5137096168047253,0.2821023395671091,0.619763780802844,0.4433588726792544,0.17246031500695924,0.8293317287740867,0.1646926378079782,0.28484788030474517,0.43640813087843006,0.3602821241570327,0.4204124831114941,0.15349875101002966,0.16076232765942425
Maine,0.33452138492871697,0.607771588825287,0.32155684139658797,0.6634709557349415,0.47509715134948466,0.5334242594189285,0.3198366153623617,0.27351096735970243,0.29328549217745487,0.21591404851538926,0.7489319868137775,0.5909640174287808,0.4743029508307704,0.25204236873676,0.4534821572485203,0.33705154431020085,0.154609635691871,0.09942018424796703
Maryland,0.044806517311608916,0.5532374068318481,0.26397730343239395,0.344911140529654,0.07643162740941763,0.4994995438841824,0.3535830993264672,0.6240996976405486,0.5257981247269168,0.4766226048037475,0.7829273119012213,0.3161058296680319,0.11541621218214114,0.7738884178857292,0.4567604338174068,0.32372993208195205,0.14999813568731538,0.03974270323853171
Massachusetts,0.09419551934826892,0.6330798508048955,0.3225739287666787,0.47465074659525386,0.6538799907537541,0.7624497677783688,0.5532016930170298,0.5577988918732701,0.19725121408480156,0.47577489010799234,0.5426572628136905,0.3970438278479606,0.32307620322941977,0.5963793746619106,0.40743809898057726,0.2591648563494342,0.3802537302576659,0.10476417760154724
Michigan,0.4432281059063136,0.4524128253370151,0.4052318211993967,0.3971423902300111,0.2256633563924063,0.4344861725911363,0.1876504699179984,0.4210745874367493,0.3268829689619247,0.9113307620731463,0.5474121257015099,0.29777062734986054,0.1651850783811652,0.4888924229952821,0.6406484421488365,0.29452523525867186,0.20185983412502426,0.158394546454205
Minnesota,0.36558044806517315,0.3676154360533518,0.3026061782078858,0.25572745530054247,0.2398198385886752,0.5697781313517335,0.15257801289099018,0.5758275832873438,0.4048911598066347,0.5336970975006077,0.3709343659569028,0.745873215901944,0.2449357599923261,0.3233971329388151,0.5172995172142788,0.37286129455436484,0.13795788561314007,0.16109601124262754
Mississippi,0.7273421588594706,0.1565889670976588,0.3953419708242971,0.7794220051940871,0.29402460602520597,0.46209816700681455,0.18359646972103186,0.5436247027963047,0.4059701316173629,0.028959589106867547,1.0,0.22252514463109996,0.03343437428360733,0.5269425835945851,0.3702964454800274,0.2286104863880167,0.09976518346751186,0.16002361202862644
Missouri,0.6662423625254584,0.3369618190389904,0.3213132594527251,0.4871874703391793,0.5173794121859112,0.3098153679110218,0.16985088030344828,0.2735448030245884,0.40343304913040917,0.3763384885275586,0.5556734433954393,0.5449746447996375,0.19360789146234067,0.866845757213834,0.3871029135597301,0.28784010905673063,0.17062500843301293,0.17856647347583843
Montana,0.6636965376782078,0.6471559517734339,0.3672136528011157,0.6941997580858644,0.4253736884220025,0.49213071405210496,0.4575040980657646,0.8075097292385919,0.312791782707889,0.28742287607974537,0.0,1.0,0.3857209265363759,0.3888705067943617,0.0,0.3173361945975516,0.08773830090416081,0.19934104395221316
Nebraska,0.6873727087576376,0.25540827805015975,0.3420485057306703,0.41715485720136813,0.18342668212595534,0.572314787239051,0.23962249044609335,0.9482510355167788,0.296433393674927,0.33557702206521356,0.35499444333201724,0.25476586060994827,0.1708864516275975,0.5047068100301471,0.6634050775367034,0.5469312598028966,0.23231619439430015,0.16861187483459186
Nevada,0.46512219959266815,0.20734079371670608,0.3667801373542357,0.6227410536560913,0.28748217335690673,0.4475028005554594,0.6343232459429508,0.34090776496303904,0.08598176841300631,0.3544806898113339,0.5726928746784069,0.0,0.20708282485915,0.5793739259661368,0.553156141047668,0.11513672289446386,0.1515288061642659,0.18618792764242237
New Hampshire,0.39587576374745415,0.9665657464449079,0.40207372751412324,0.3070414059056089,0.08741388892392343,0.6290740361619543,0.6387599729193956,0.5310073327418094,0.5805591451104698,0.28190921808345737,0.48829370081501117,0.45560442522289624,0.5776837285762135,0.0,0.6598261943567227,1.0,0.17311698456997648,0.012304832427232746
New Jersey,0.34979633401222004,0.39160130933101694,0.2586922484480243,0.5513244753158238,0.21795036148659164,0.6983494324574465,0.35533332608442714,0.3039883334597599,0.13019813888194448,0.33231307273097743,0.648238957037509,0.1452837077378749,0.2360051423887622,0.9205734234956915,0.7271105047193746,0.2071558411693513,0.12000631729164687,0.1220428987469053
New Mexico,0.34445010183299396,0.7209080239122766,0.23971369295466602,1.0,0.21114937642635134,0.46989143370336467,0.16562438991545597,0.7168761401306956,0.2260089710096473,0.296257674170617,0.36845977760799287,0.3964714798530028,0.2691705492243496,0.5280624207365968,0.5427563306531639,0.3895424235661154,0.22621035724266653,0.11010365769971357
New York,0.279786150712831,1.0,0.574179530001347,0.4233952027755389,0.10657125093035308,0.5415180632318009,1.0,0.33285716493791306,0.07540354216855201,0.5592875149684177,0.7678923794728613,0.26845340907294907,0.32605425248345227,0.7136141389972034,0.5324447726800473,0.21901339504018255,0.14758993540869011,0.07685064294834212
North Carolina,0.4719959266802444,0.27699568122747326,0.33946948753518014,0.5980419863852613,0.05255613639331859,0.43915003528362284,0.08607206497522894,0.27923693011954226,0.6265973256954324,0.14235001027503227,0.6836363089210591,0.3839682000295494,0.13539431916580155,0.2260854983217999,0.371519678865027,0.2626795214186335,0.06744716247311743,0.12400483804867665
North Dakota,0.8818737270875764,0.3235613864726024,0.27405868251324383,0.36506886771003544,0.4762059455378796,0.9973196999729883,0.0,0.12386734804395953,0.08219297274438402,1.0,0.33961071285273464,0.25760481549494374,0.5708450648418549,0.3489758909633777,0.7016184512420041,0.3059180351756682,0.15189841536931548,0.07564042778107141
Ohio,0.5809572301425663,0.3682442558556979,0.369548210884553,0.4821943987579429,0.2009791735257655,0.44354544915433497,0.114402457955191,0.4742050282400485,0.2932458574339899,0.37326935223202073,0.5318813060224238,0.25962529195068523,0.08235761390690895,0.5706024232145109,0.5291626991761712,0.2357608325231301,0.11614619165768507,0.19031288525969825
Oklahoma,0.8615071283095723,0.3854716045106665,0.3263607640270416,0.5421337242813002,0.33333640542380094,0.3226329937082341,0.20023663178979118,0.25063641672796594,1.0,0.13139456341319322,0.27130101868419354,0.6399589967927394,0.04597626380544749,0.44521146408715223,0.6794757880552704,0.3609556115363909,0.5661824021648941,0.24908216776909817
Oregon,0.22021384928716903,0.5917532041338134,0.32558369153423833,0.25319521673238793,0.7202697277853417,0.3246186918077415,0.2731606964558775,0.7137193587652498,0.2588790088079636,0.34764425868007515,0.34090159720922236,0.8040692143831495,0.4311518053262325,0.5741216905092125,0.621401202088472,0.4039673622991481,0.2852924640123117,0.1730322647051021
Pennsylvania,0.4595213849287169,0.33427261270455755,0.2225565916285384,0.3329249660853824,0.14388942814629915,0.46758219410407065,0.1399647417799993,0.39239840549634514,0.23189963826616308,0.6456775387042027,0.6121202666774329,0.2503155089184234,0.20748464769210836,0.6705144628849863,0.6727610561911856,0.22083247778488316,0.1630363634391533,0.09270786893715705
Rhode Island,0.24032586558044805,0.03385322691895776,0.0,0.12457666641269667,0.5058558585528415,0.0,0.22752332186345758,0.07993464805069714,0.6268591885350144,0.2402031849969063,0.46950335154348527,0.06396296420844497,0.5363028035894856,0.29205992324374846,0.4302898616571513,0.005706113726516878,0.22573100250777137,0.2663832046287007
South Carolina,0.6596232179226069,0.3535322642289875,0.3380044310051635,0.5215181379287974,0.5578001240014252,0.3218635253016292,0.17839882482614816,0.8657580316903983,0.4116927087920728,0.16903401223218717,0.5319580204277535,0.35684594899690564,0.607233629968406,0.11044722318475828,0.43985776206091076,0.8373861034616058,0.20554981501277292,0.23075158351005273
South Dakota,0.7920061099796335,0.0,1.0,0.7594813378424498,1.0,0.2922782707231832,0.33723297333157504,0.3201419674006355,0.692995931849073,0.21786384696964461,0.4937334235634313,0.7783748566988583,0.5599770837751263,0.17756375064472218,0.10025618447653534,0.4616300239176225,1.0,0.296687600025686
Tennessee,0.8113543788187373,0.24516912266895685,0.4771046290462777,0.7092438470341124,0.17502388327155538,0.40516250178004776,0.7120139887481552,0.4491154908673659,0.4720794986228188,0.31161131061131625,0.5620947472922794,0.3750929730445222,0.17093168044581994,0.3564423319516779,0.857984021390782,0.2855712842949692,0.10258906288279968,0.13212877622932154
Texas,0.6064154786150714,0.4369067672660231,0.4407742147328388,0.9737105800167,0.31631096244714096,0.5154586595036673,0.43515466592835644,0.49505872495503805,0.3850115090742345,0.17480600133023644,0.6476656903983435,0.42880869027578555,0.2486421344545834,0.385560337294409,0.6028937681793556,0.3286754231759094,0.1446431911462901,0.16577745042332792
Utah,0.6889002036659879,0.3104811466229946,0.2481979865987581,0.4983314086131801,0.10132105168944623,0.8516210186134809,0.3881287291810454,1.0,0.3931152351052458,0.0,0.17029384136484402,0.8722521626811851,0.31180750725320344,0.10447565865701518,0.33690252622637723,0.6875878055249979,0.0,0.08655556745714862
Vermont,0.0,0.663691180780765,0.3470432791211869,0.0,0.31142891918884663,0.6360489517906133,0.5840607740308372,0.4718387060639605,0.0,0.6428046763118272,0.15831289818179015,0.3089879514554942,0.347848701927774,0.922569232477045,0.2219391055833629,0.4679569546325751,0.1348948199240144,0.0
Virginia,0.3495417515274949,0.9547988898066626,0.4038445197355522,0.42498603095783527,0.10018303339718516,0.4166633610295249,0.1807576861653386,0.45467552106577075,0.29610003873288415,0.312780493254037,0.5384577921889411,0.32516084717352706,0.1784460797458561,0.5571526584681252,0.4352832868831249,0.36547098241596154,0.1332199132170502,0.06534172576399828
Washington,0.17031568228105903,0.6855592700873747,0.5093534968384306,0.513118802419598,0.29797598263705444,0.3268435538526706,0.596997959481328,0.9664007694245967,0.49677205856280204,0.7584975456501103,0.2890404581179547,0.5942656971512205,0.6888404374603866,0.7859507915864659,0.6349638611115731,0.2590284462443741,0.1757836184773027,0.21285603304098322
West Virginia,0.9585030549898168,0.38224036080922297,0.4829935159775655,0.6795498171300536,0.13531591463188425,0.16457723696635096,0.05948404007273439,0.15812110737987425,0.6776679472518632,0.6657705702275695,0.5881540612080108,0.24788069410069866,0.29351611905096875,0.6511635086188424,0.3032165014880634,0.24584285347000248,0.23775580573151336,0.05452810281907936
Wisconsin,0.4399185336048881,0.18462556293069055,0.2059635746563757,0.3583445954877871,0.20632379561337036,0.61138115364755,0.13958456143471135,0.731144123554496,0.7538091477446035,0.802144088354091,0.12151980462763173,0.5396522073100242,0.10879274298095563,0.47237705634779165,0.48298512478844385,0.2966740584502357,0.12272869111900715,0.11764221121703965
Wyoming,1.0,0.275724331244389,0.6084885363341895,0.8128678639546607,0.4948232597122658,1.0,0.6609157373680963,0.6782472719104026,0.4892004982194277,0.26501019402309867,0.3668880641660158,0.8357324613059035,1.0,0.18033579049686546,0.4342917691401553,0.25433204268775245,0.09705546299277867,1.0
